date,code,z_0,z_1,z_2,z_3,z_4,z_5,z_6,z_7
0,25,0.021593764424324036,0.18935005366802216,0.005869586952030659,0.09477260708808899,-9.261945399163935e-28,0.0349617674946785,0.40118277072906494,0.5699447393417358
1,12,0.10258381068706512,0.25333061814308167,0.08868672698736191,0.26203081011772156,1.6462558765201358e-24,0.050348784774541855,0.12007617950439453,0.25655311346054077
2,9,0.03446820005774498,0.03250381723046303,0.0056444257497787476,0.34708645939826965,-1.0796163822539654e-28,0.3395223319530487,0.4396228790283203,0.40790489315986633
3,7,0.19011418521404266,0.08775003254413605,0.16086558997631073,0.3875947892665863,-1.2054827893192224e-27,0.43534383177757263,0.16025221347808838,0.07624288648366928
4,16,0.11110907047986984,0.43291136622428894,0.08722265809774399,0.04676879942417145,5.278744662602799e-22,0.03899494558572769,0.10976924747228622,0.29670411348342896
5,7,0.19011418521404266,0.08775003254413605,0.16086558997631073,0.3875947892665863,-1.2054827893192224e-27,0.43534383177757263,0.16025221347808838,0.07624288648366928
6,9,0.03446820005774498,0.03250381723046303,0.0056444257497787476,0.34708645939826965,-1.0796163822539654e-28,0.3395223319530487,0.4396228790283203,0.40790489315986633
7,18,0.2470991164445877,0.2851050794124603,0.2195073366165161,0.2152285873889923,1.0212985314068461e-29,0.22692079842090607,0.02694600448012352,0.06584757566452026
8,7,0.19011418521404266,0.08775003254413605,0.16086558997631073,0.3875947892665863,-1.2054827893192224e-27,0.43534383177757263,0.16025221347808838,0.07624288648366928
9,25,0.021593764424324036,0.18935005366802216,0.005869586952030659,0.0947725921869278,-9.261945399163935e-28,0.0349617674946785,0.40118277072906494,0.5699447393417358
10,25,0.021593764424324036,0.18935005366802216,0.005869586952030659,0.0947725921869278,-9.261945399163935e-28,0.0349617674946785,0.40118277072906494,0.5699447393417358
11,9,0.03446820005774498,0.03250381723046303,0.0056444257497787476,0.34708645939826965,-1.0796163822539654e-28,0.3395223319530487,0.4396228790283203,0.40790489315986633
12,7,0.19011418521404266,0.08775003254413605,0.16086558997631073,0.3875947892665863,-1.2054827893192224e-27,0.43534383177757263,0.16025221347808838,0.07624288648366928
13,18,0.2470991164445877,0.2851050794124603,0.2195073366165161,0.2152285873889923,1.0212985314068461e-29,0.22692079842090607,0.02694600634276867,0.06584757566452026
14,18,0.2470991164445877,0.2851050794124603,0.2195073366165161,0.2152285873889923,1.0212985314068461e-29,0.22692079842090607,0.02694600634276867,0.06584757566452026
15,7,0.19011418521404266,0.08775003254413605,0.16086558997631073,0.3875947892665863,-1.2054827893192224e-27,0.43534383177757263,0.16025221347808838,0.07624288648366928
16,9,0.03446820005774498,0.03250381723046303,0.0056444257497787476,0.34708645939826965,-1.0796163822539654e-28,0.3395223319530487,0.4396228790283203,0.40790489315986633
17,7,0.19011418521404266,0.08775003254413605,0.16086558997631073,0.3875947892665863,-1.2054827893192224e-27,0.43534383177757263,0.16025221347808838,0.07624288648366928
18,25,0.021593764424324036,0.18935005366802216,0.005869586952030659,0.0947725921869278,-9.261945399163935e-28,0.0349617674946785,0.40118277072906494,0.5699447393417358
19,7,0.19011418521404266,0.08775003254413605,0.16086557507514954,0.3875947892665863,-1.2054827893192224e-27,0.43534383177757263,0.16025221347808838,0.07624288648366928
20,9,0.03446820005774498,0.03250381723046303,0.0056444257497787476,0.34708642959594727,-1.0796163822539654e-28,0.3395223319530487,0.4396228790283203,0.40790489315986633
21,12,0.10258381068706512,0.25333061814308167,0.08868672698736191,0.26203081011772156,1.6462558765201358e-24,0.050348784774541855,0.12007617205381393,0.25655311346054077
22,12,0.10258381068706512,0.25333061814308167,0.08868672698736191,0.26203081011772156,1.6462558765201358e-24,0.050348784774541855,0.12007617205381393,0.25655311346054077
23,26,0.0885787233710289,0.17539560794830322,0.023177336901426315,0.1534094214439392,3.408940376477151e-32,0.24340121448040009,0.18172414600849152,0.16032381355762482
24,9,0.03446820005774498,0.03250381723046303,0.0056444257497787476,0.34708642959594727,-1.0796163822539654e-28,0.3395223319530487,0.4396228790283203,0.40790489315986633
25,25,0.021593764424324036,0.18935005366802216,0.005869586952030659,0.0947725921869278,-9.261945399163935e-28,0.0349617674946785,0.40118277072906494,0.5699447393417358
26,25,0.021593764424324036,0.18935006856918335,0.005869586952030659,0.0947725921869278,-9.261945399163935e-28,0.0349617674946785,0.40118277072906494,0.5699447393417358
27,9,0.03446820005774498,0.03250381723046303,0.0056444257497787476,0.34708645939826965,-1.0796163822539654e-28,0.3395223319530487,0.4396228790283203,0.40790489315986633
28,18,0.2470991164445877,0.2851050794124603,0.2195073366165161,0.2152285873889923,1.0212985314068461e-29,0.22692079842090607,0.02694600634276867,0.06584757566452026
29,9,0.03446820005774498,0.03250381723046303,0.0056444257497787476,0.34708645939826965,-1.0796163822539654e-28,0.3395223319530487,0.4396228790283203,0.40790489315986633
30,7,0.19011418521404266,0.08775003254413605,0.16086558997631073,0.3875947892665863,-1.2054827893192224e-27,0.43534383177757263,0.16025221347808838,0.07624288648366928
31,18,0.2470991164445877,0.2851050794124603,0.2195073366165161,0.2152285873889923,1.0212985314068461e-29,0.22692079842090607,0.02694600634276867,0.06584757566452026
32,9,0.03446820005774498,0.03250381723046303,0.0056444257497787476,0.34708645939826965,-1.0796163822539654e-28,0.3395223319530487,0.4396228790283203,0.40790489315986633
33,25,0.021593764424324036,0.18935005366802216,0.005869586952030659,0.0947725921869278,-9.261945399163935e-28,0.0349617674946785,0.40118277072906494,0.5699447393417358
34,12,0.10258381068706512,0.25333061814308167,0.08868672698736191,0.26203081011772156,1.6462558765201358e-24,0.050348784774541855,0.12007617205381393,0.25655311346054077
35,9,0.03446820005774498,0.03250381723046303,0.0056444257497787476,0.34708645939826965,-1.0796163822539654e-28,0.3395223319530487,0.4396228790283203,0.40790489315986633
36,9,0.03446820005774498,0.03250381723046303,0.0056444257497787476,0.34708645939826965,-1.0796163822539654e-28,0.3395223319530487,0.4396228790283203,0.40790489315986633
37,25,0.021593764424324036,0.18935005366802216,0.005869586952030659,0.0947725921869278,-9.261945399163935e-28,0.0349617674946785,0.40118277072906494,0.5699447393417358
38,12,0.10258381068706512,0.25333061814308167,0.08868672698736191,0.26203081011772156,1.6462558765201358e-24,0.050348784774541855,0.12007616460323334,0.25655311346054077
39,12,0.10258381068706512,0.25333061814308167,0.08868672698736191,0.26203081011772156,1.6462558765201358e-24,0.050348784774541855,0.12007617205381393,0.25655311346054077
40,9,0.03446820005774498,0.03250381723046303,0.0056444257497787476,0.34708648920059204,-1.0796163822539654e-28,0.3395223319530487,0.4396228790283203,0.40790489315986633
41,7,0.19011418521404266,0.08775003254413605,0.16086558997631073,0.3875947892665863,-1.2054827893192224e-27,0.43534383177757263,0.16025221347808838,0.07624288648366928
42,16,0.11110907047986984,0.43291136622428894,0.08722265809774399,0.04676879942417145,5.278744662602799e-22,0.03899494558572769,0.10976924747228622,0.29670411348342896
43,25,0.021593764424324036,0.18935005366802216,0.005869586952030659,0.0947725921869278,-9.261945399163935e-28,0.0349617674946785,0.40118277072906494,0.5699447393417358
44,25,0.021593764424324036,0.18935005366802216,0.005869586952030659,0.0947725921869278,-9.261945399163935e-28,0.0349617674946785,0.40118277072906494,0.5699447393417358
45,16,0.11110907047986984,0.43291136622428894,0.08722265809774399,0.04676879942417145,5.278744662602799e-22,0.03899494558572769,0.10976924747228622,0.29670411348342896
46,25,0.021593764424324036,0.18935005366802216,0.005869586020708084,0.0947725921869278,-9.261945399163935e-28,0.0349617674946785,0.40118277072906494,0.5699447393417358
47,18,0.2470991164445877,0.2851050794124603,0.2195073366165161,0.2152285873889923,1.0212985314068461e-29,0.22692079842090607,0.02694600634276867,0.06584757566452026
48,16,0.11110907047986984,0.43291136622428894,0.08722265809774399,0.04676879942417145,5.278744662602799e-22,0.03899494558572769,0.10976924747228622,0.29670411348342896
49,9,0.03446820005774498,0.03250381723046303,0.0056444257497787476,0.34708645939826965,-1.0796163822539654e-28,0.3395223319530487,0.4396228790283203,0.40790489315986633
50,18,0.2470991164445877,0.2851050794124603,0.2195073366165161,0.2152285873889923,1.0212985314068461e-29,0.22692079842090607,0.02694600634276867,0.06584757566452026
51,25,0.021593764424324036,0.18935005366802216,0.005869586952030659,0.0947725921869278,-9.261945399163935e-28,0.0349617674946785,0.40118277072906494,0.5699447393417358
52,18,0.2470991164445877,0.2851050794124603,0.2195073366165161,0.2152285873889923,1.0212985314068461e-29,0.22692079842090607,0.02694600820541382,0.06584757566452026
53,9,0.03446820005774498,0.03250381723046303,0.0056444257497787476,0.34708645939826965,-1.0796163822539654e-28,0.3395223319530487,0.4396228790283203,0.40790489315986633
54,16,0.11110907047986984,0.43291136622428894,0.08722265809774399,0.04676879942417145,5.278744662602799e-22,0.038994938135147095,0.10976924747228622,0.29670411348342896
55,16,0.11110907047986984,0.43291136622428894,0.08722265809774399,0.04676879942417145,5.278744662602799e-22,0.03899494558572769,0.10976924747228622,0.29670411348342896
56,7,0.19011418521404266,0.08775003254413605,0.16086558997631073,0.3875947892665863,-1.2054827893192224e-27,0.43534383177757263,0.16025221347808838,0.07624288648366928
57,9,0.03446820005774498,0.03250381723046303,0.0056444257497787476,0.34708645939826965,-1.0796163822539654e-28,0.3395223319530487,0.4396228790283203,0.40790489315986633
58,25,0.021593764424324036,0.18935005366802216,0.005869586020708084,0.0947725921869278,-9.261945399163935e-28,0.0349617674946785,0.40118277072906494,0.5699447393417358
59,9,0.03446820005774498,0.03250381723046303,0.0056444257497787476,0.34708645939826965,-1.0796163822539654e-28,0.3395223319530487,0.4396228790283203,0.40790489315986633
60,25,0.021593764424324036,0.18935005366802216,0.005869586952030659,0.0947725921869278,-9.261945399163935e-28,0.0349617600440979,0.40118277072906494,0.5699447393417358
61,7,0.19011418521404266,0.08775003254413605,0.16086558997631073,0.3875947892665863,-1.2054827893192224e-27,0.43534383177757263,0.16025221347808838,0.07624287903308868
62,9,0.03446820005774498,0.03250381723046303,0.0056444257497787476,0.34708645939826965,-1.0796163822539654e-28,0.3395223319530487,0.4396228790283203,0.40790489315986633
63,25,0.021593764424324036,0.18935005366802216,0.005869586952030659,0.0947725921869278,-9.261945399163935e-28,0.0349617674946785,0.40118277072906494,0.5699447393417358
64,9,0.03446820005774498,0.03250381723046303,0.0056444257497787476,0.34708645939826965,-1.0796163822539654e-28,0.3395223319530487,0.4396228790283203,0.40790489315986633
65,7,0.19011418521404266,0.08775003254413605,0.16086558997631073,0.3875947892665863,-1.2054827893192224e-27,0.43534383177757263,0.16025221347808838,0.07624288648366928
66,7,0.19011418521404266,0.08775003254413605,0.16086558997631073,0.3875947892665863,-1.2054827893192224e-27,0.43534383177757263,0.16025221347808838,0.07624288648366928
67,7,0.19011418521404266,0.08775003254413605,0.16086558997631073,0.3875947892665863,-1.2054827893192224e-27,0.43534383177757263,0.16025221347808838,0.07624288648366928
68,16,0.11110907047986984,0.43291136622428894,0.08722265809774399,0.04676879942417145,5.278744662602799e-22,0.03899494558572769,0.10976925492286682,0.29670411348342896
69,7,0.19011418521404266,0.08775003254413605,0.16086558997631073,0.3875947892665863,-1.2054827893192224e-27,0.43534383177757263,0.16025221347808838,0.07624288648366928
70,25,0.021593764424324036,0.18935005366802216,0.005869586952030659,0.0947725921869278,-9.261945399163935e-28,0.0349617674946785,0.40118277072906494,0.5699447393417358
71,9,0.03446820005774498,0.03250381723046303,0.0056444257497787476,0.34708645939826965,-1.0796163822539654e-28,0.3395223319530487,0.4396228790283203,0.40790489315986633
72,9,0.03446820005774498,0.03250381723046303,0.0056444257497787476,0.34708645939826965,-1.0796163822539654e-28,0.3395223319530487,0.4396228790283203,0.40790489315986633
73,7,0.19011418521404266,0.08775003254413605,0.16086558997631073,0.3875947892665863,-1.2054827893192224e-27,0.43534383177757263,0.16025221347808838,0.07624288648366928
74,12,0.10258381068706512,0.25333061814308167,0.08868672698736191,0.26203081011772156,1.6462558765201358e-24,0.050348784774541855,0.12007617205381393,0.25655311346054077
75,26,0.0885787233710289,0.17539560794830322,0.023177336901426315,0.1534094214439392,3.408940376477151e-32,0.24340121448040009,0.18172414600849152,0.16032381355762482
76,9,0.03446820005774498,0.03250381723046303,0.0056444257497787476,0.34708645939826965,-1.0796163822539654e-28,0.3395223319530487,0.4396228790283203,0.40790489315986633
77,25,0.021593764424324036,0.18935005366802216,0.005869586952030659,0.0947725921869278,-9.261945399163935e-28,0.0349617674946785,0.40118277072906494,0.5699447393417358
78,16,0.11110907047986984,0.43291136622428894,0.08722265809774399,0.04676879942417145,5.278744662602799e-22,0.03899494558572769,0.10976924747228622,0.29670411348342896
79,7,0.19011418521404266,0.08775003254413605,0.16086558997631073,0.3875947892665863,-1.2054827893192224e-27,0.43534383177757263,0.16025221347808838,0.07624288648366928
80,18,0.2470991164445877,0.2851050794124603,0.2195073366165161,0.2152285873889923,1.0212985314068461e-29,0.22692079842090607,0.02694600634276867,0.06584757566452026
81,12,0.10258381068706512,0.25333061814308167,0.08868672698736191,0.26203081011772156,1.6462558765201358e-24,0.050348784774541855,0.12007617205381393,0.25655311346054077
82,25,0.021593764424324036,0.18935005366802216,0.005869586952030659,0.0947725921869278,-9.261945399163935e-28,0.0349617674946785,0.40118277072906494,0.5699447393417358
83,26,0.0885787233710289,0.17539560794830322,0.023177336901426315,0.1534094214439392,3.408940376477151e-32,0.24340121448040009,0.18172414600849152,0.16032381355762482
84,9,0.03446820005774498,0.03250381723046303,0.0056444257497787476,0.34708645939826965,-1.0796163822539654e-28,0.3395223319530487,0.4396228790283203,0.40790489315986633
85,7,0.19011418521404266,0.08775003254413605,0.16086558997631073,0.3875947892665863,-1.2054827893192224e-27,0.43534383177757263,0.16025221347808838,0.07624288648366928
86,26,0.0885787233710289,0.17539560794830322,0.023177336901426315,0.1534094214439392,3.408940376477151e-32,0.24340121448040009,0.18172414600849152,0.16032381355762482
87,9,0.03446820005774498,0.03250381723046303,0.0056444257497787476,0.34708645939826965,-1.0796163822539654e-28,0.3395223319530487,0.4396228790283203,0.40790489315986633
88,9,0.03446820005774498,0.03250381350517273,0.0056444257497787476,0.34708645939826965,-1.0796163822539654e-28,0.3395223319530487,0.4396228790283203,0.40790489315986633
89,18,0.2470991164445877,0.2851050794124603,0.2195073366165161,0.2152285873889923,1.0212985314068461e-29,0.22692079842090607,0.02694600820541382,0.06584757566452026
90,25,0.021593764424324036,0.18935005366802216,0.005869586952030659,0.0947725921869278,-9.261945399163935e-28,0.0349617674946785,0.40118277072906494,0.5699447393417358
91,7,0.19011418521404266,0.08775003254413605,0.16086558997631073,0.3875947892665863,-1.2054827893192224e-27,0.43534383177757263,0.16025221347808838,0.07624288648366928
92,12,0.10258381068706512,0.25333061814308167,0.08868672698736191,0.26203081011772156,1.6462558765201358e-24,0.050348784774541855,0.12007617205381393,0.25655311346054077
93,7,0.19011418521404266,0.08775003254413605,0.16086558997631073,0.3875947892665863,-1.2054827893192224e-27,0.43534383177757263,0.16025221347808838,0.07624288648366928
94,9,0.03446820005774498,0.03250381723046303,0.0056444257497787476,0.34708645939826965,-1.0796163822539654e-28,0.3395223319530487,0.4396228790283203,0.40790489315986633
95,25,0.021593764424324036,0.18935005366802216,0.005869586952030659,0.0947725921869278,-9.261945399163935e-28,0.0349617674946785,0.40118277072906494,0.5699447393417358
96,26,0.0885787233710289,0.17539560794830322,0.023177336901426315,0.1534094214439392,3.408940376477151e-32,0.24340121448040009,0.18172414600849152,0.16032381355762482
97,16,0.11110907047986984,0.43291136622428894,0.08722265809774399,0.04676879942417145,5.278744662602799e-22,0.03899494558572769,0.10976924747228622,0.29670411348342896
98,9,0.03446820005774498,0.03250381723046303,0.0056444257497787476,0.34708645939826965,-1.0796163822539654e-28,0.3395223319530487,0.4396228790283203,0.40790489315986633
99,18,0.2470991164445877,0.2851050794124603,0.2195073366165161,0.2152285873889923,1.0212985314068461e-29,0.22692079842090607,0.02694600634276867,0.06584757566452026
100,18,0.2470991164445877,0.2851050794124603,0.2195073366165161,0.2152285873889923,1.0212985314068461e-29,0.22692079842090607,0.02694600634276867,0.06584757566452026
101,25,0.021593764424324036,0.18935005366802216,0.005869586952030659,0.0947725921869278,-9.261945399163935e-28,0.0349617674946785,0.40118277072906494,0.5699447393417358
102,9,0.03446820005774498,0.03250381723046303,0.0056444257497787476,0.34708645939826965,-1.0796163822539654e-28,0.3395223319530487,0.4396228790283203,0.40790489315986633
103,18,0.2470991164445877,0.2851050794124603,0.2195073366165161,0.2152285873889923,1.0212985314068461e-29,0.22692079842090607,0.02694600634276867,0.06584757566452026
104,18,0.2470991164445877,0.2851050794124603,0.2195073366165161,0.2152285873889923,1.0212985314068461e-29,0.22692079842090607,0.02694600634276867,0.06584757566452026
105,16,0.11110907047986984,0.43291136622428894,0.08722265809774399,0.04676879942417145,5.278744662602799e-22,0.03899494558572769,0.10976924747228622,0.29670411348342896
106,26,0.0885787233710289,0.17539560794830322,0.023177333176136017,0.1534094214439392,3.408940376477151e-32,0.24340121448040009,0.18172414600849152,0.16032381355762482
107,25,0.021593764424324036,0.18935005366802216,0.005869586952030659,0.0947725921869278,-9.261945399163935e-28,0.0349617674946785,0.40118277072906494,0.5699447393417358
108,18,0.2470991164445877,0.2851050794124603,0.2195073366165161,0.2152285873889923,1.0212985314068461e-29,0.22692079842090607,0.02694600634276867,0.06584757566452026
109,25,0.021593764424324036,0.18935005366802216,0.005869586952030659,0.0947725921869278,-9.261945399163935e-28,0.0349617674946785,0.40118277072906494,0.5699447393417358
110,9,0.03446820005774498,0.03250381723046303,0.0056444257497787476,0.34708642959594727,-1.0796163822539654e-28,0.3395223319530487,0.4396228790283203,0.40790489315986633
111,18,0.2470991164445877,0.2851050794124603,0.2195073366165161,0.2152285873889923,1.0212985314068461e-29,0.22692079842090607,0.02694600634276867,0.06584757566452026
112,16,0.11110907047986984,0.43291136622428894,0.08722265809774399,0.04676879942417145,5.278744662602799e-22,0.03899494558572769,0.10976924747228622,0.29670411348342896
113,7,0.19011418521404266,0.08775003254413605,0.16086558997631073,0.3875947892665863,-1.2054827893192224e-27,0.43534383177757263,0.16025221347808838,0.07624288648366928
114,25,0.021593764424324036,0.18935005366802216,0.005869586952030659,0.0947725921869278,-9.261945399163935e-28,0.0349617674946785,0.40118277072906494,0.5699447393417358
115,7,0.19011418521404266,0.08775003254413605,0.16086558997631073,0.3875947892665863,-1.2054827893192224e-27,0.43534383177757263,0.16025221347808838,0.07624288648366928
116,9,0.03446820005774498,0.03250381723046303,0.0056444257497787476,0.34708645939826965,-1.0796163822539654e-28,0.3395223319530487,0.4396228790283203,0.40790489315986633
117,7,0.19011418521404266,0.08775003254413605,0.16086558997631073,0.3875947892665863,-1.2054827893192224e-27,0.43534383177757263,0.16025221347808838,0.07624288648366928
118,12,0.10258381068706512,0.25333061814308167,0.08868672698736191,0.26203081011772156,1.6462558765201358e-24,0.050348784774541855,0.12007617205381393,0.25655311346054077
119,25,0.021593764424324036,0.18935005366802216,0.005869586952030659,0.0947725921869278,-9.261945399163935e-28,0.0349617674946785,0.40118277072906494,0.5699447393417358
120,7,0.19011418521404266,0.08775003254413605,0.16086558997631073,0.3875947892665863,-1.2054827893192224e-27,0.43534383177757263,0.16025221347808838,0.07624288648366928
121,12,0.10258381068706512,0.25333061814308167,0.08868672698736191,0.26203081011772156,1.6462558765201358e-24,0.050348784774541855,0.12007617205381393,0.25655311346054077
122,18,0.2470991164445877,0.2851050794124603,0.2195073366165161,0.2152285873889923,1.0212985314068461e-29,0.22692079842090607,0.02694600820541382,0.06584757566452026
123,7,0.19011418521404266,0.08775003254413605,0.16086558997631073,0.3875947892665863,-1.2054827893192224e-27,0.43534383177757263,0.16025221347808838,0.07624288648366928
124,9,0.03446820005774498,0.03250381723046303,0.0056444257497787476,0.34708648920059204,-1.0796163822539654e-28,0.3395223319530487,0.4396228790283203,0.40790489315986633
125,18,0.2470991164445877,0.2851050794124603,0.2195073366165161,0.2152285873889923,1.0212985314068461e-29,0.22692079842090607,0.02694600820541382,0.06584757566452026
126,7,0.19011418521404266,0.08775003254413605,0.16086558997631073,0.3875947892665863,-1.2054827893192224e-27,0.43534383177757263,0.16025221347808838,0.07624288648366928
127,18,0.2470991164445877,0.2851050794124603,0.2195073366165161,0.2152285873889923,1.0212985314068461e-29,0.22692079842090607,0.02694600634276867,0.06584757566452026
128,26,0.0885787233710289,0.17539560794830322,0.023177336901426315,0.1534094214439392,3.408940376477151e-32,0.24340121448040009,0.18172414600849152,0.16032381355762482
129,9,0.03446820005774498,0.03250381723046303,0.0056444257497787476,0.34708645939826965,-1.0796163822539654e-28,0.3395223319530487,0.4396228790283203,0.40790489315986633
130,25,0.021593764424324036,0.18935005366802216,0.005869586952030659,0.0947725921869278,-9.261945399163935e-28,0.0349617674946785,0.40118277072906494,0.5699447393417358
131,9,0.03446820005774498,0.03250381723046303,0.0056444257497787476,0.34708645939826965,-1.0796163822539654e-28,0.3395223319530487,0.4396228790283203,0.40790489315986633
132,25,0.021593764424324036,0.18935005366802216,0.005869586952030659,0.0947725921869278,-9.261945399163935e-28,0.0349617674946785,0.40118277072906494,0.5699447393417358
133,7,0.19011418521404266,0.08775003254413605,0.16086558997631073,0.3875947892665863,-1.2054827893192224e-27,0.43534383177757263,0.16025221347808838,0.07624288648366928
134,7,0.19011418521404266,0.08775003254413605,0.16086558997631073,0.3875947892665863,-1.2054827893192224e-27,0.43534383177757263,0.16025221347808838,0.07624288648366928
135,25,0.021593764424324036,0.18935005366802216,0.005869586020708084,0.0947725921869278,-9.261945399163935e-28,0.0349617674946785,0.40118277072906494,0.5699447393417358
136,16,0.11110907047986984,0.43291136622428894,0.08722265809774399,0.04676879942417145,5.278744662602799e-22,0.03899494558572769,0.10976924747228622,0.29670411348342896
137,12,0.10258381068706512,0.25333061814308167,0.08868672698736191,0.26203081011772156,1.6462558765201358e-24,0.050348784774541855,0.12007617205381393,0.25655311346054077
138,18,0.2470991164445877,0.2851050794124603,0.2195073366165161,0.2152285873889923,1.0212985314068461e-29,0.22692079842090607,0.02694600634276867,0.06584757566452026
139,7,0.19011418521404266,0.08775003254413605,0.16086558997631073,0.3875947892665863,-1.2054827893192224e-27,0.43534383177757263,0.16025221347808838,0.07624288648366928
140,9,0.03446820005774498,0.03250381723046303,0.0056444257497787476,0.34708645939826965,-1.0796163822539654e-28,0.3395223319530487,0.4396228790283203,0.40790489315986633
141,16,0.11110907047986984,0.43291136622428894,0.08722265809774399,0.04676879942417145,5.278744662602799e-22,0.03899494558572769,0.10976924747228622,0.29670411348342896
142,16,0.11110907793045044,0.43291136622428894,0.08722265809774399,0.04676879942417145,5.278744662602799e-22,0.03899495303630829,0.10976924747228622,0.29670411348342896
143,25,0.021593764424324036,0.18935005366802216,0.005869586952030659,0.0947725921869278,-9.261945399163935e-28,0.0349617674946785,0.40118277072906494,0.5699447393417358
144,9,0.03446820005774498,0.03250381723046303,0.0056444257497787476,0.34708645939826965,-1.0796163822539654e-28,0.3395223319530487,0.4396228790283203,0.40790489315986633
145,25,0.021593764424324036,0.18935005366802216,0.005869586952030659,0.0947725921869278,-9.261945399163935e-28,0.0349617674946785,0.40118277072906494,0.5699447393417358
146,18,0.2470991164445877,0.2851050794124603,0.2195073366165161,0.2152285873889923,1.0212985314068461e-29,0.22692079842090607,0.02694600634276867,0.06584757566452026
147,16,0.11110907047986984,0.43291136622428894,0.08722265809774399,0.04676879942417145,5.278744662602799e-22,0.03899494558572769,0.10976924747228622,0.29670411348342896
148,7,0.19011418521404266,0.08775003254413605,0.16086558997631073,0.3875947892665863,-1.2054827893192224e-27,0.43534383177757263,0.16025221347808838,0.07624288648366928
149,9,0.03446820005774498,0.03250381723046303,0.0056444257497787476,0.34708648920059204,-1.0796163822539654e-28,0.3395223319530487,0.4396228790283203,0.40790489315986633
150,9,0.03446820005774498,0.03250381723046303,0.0056444257497787476,0.34708645939826965,-1.0796163822539654e-28,0.3395223319530487,0.4396228790283203,0.40790489315986633
151,25,0.021593764424324036,0.18935005366802216,0.005869586952030659,0.0947725921869278,-9.261945399163935e-28,0.0349617674946785,0.40118277072906494,0.5699447393417358
152,26,0.0885787233710289,0.17539560794830322,0.023177336901426315,0.1534094214439392,3.408940376477151e-32,0.24340121448040009,0.18172414600849152,0.16032381355762482
153,18,0.2470991164445877,0.2851050794124603,0.2195073366165161,0.2152285873889923,1.0212985314068461e-29,0.22692079842090607,0.02694600634276867,0.06584757566452026
154,25,0.021593764424324036,0.18935005366802216,0.005869586952030659,0.0947725921869278,-9.261945399163935e-28,0.0349617674946785,0.40118277072906494,0.5699447393417358
155,16,0.11110907047986984,0.43291136622428894,0.08722265809774399,0.04676879942417145,5.278744662602799e-22,0.03899494558572769,0.10976924002170563,0.29670411348342896
156,16,0.11110907047986984,0.43291136622428894,0.08722265809774399,0.04676879942417145,5.278744662602799e-22,0.03899494558572769,0.10976924747228622,0.29670411348342896
157,7,0.19011418521404266,0.08775003254413605,0.16086558997631073,0.3875947892665863,-1.2054827893192224e-27,0.43534383177757263,0.16025221347808838,0.07624288648366928
158,9,0.03446820005774498,0.03250381723046303,0.0056444257497787476,0.34708645939826965,-1.0796163822539654e-28,0.3395223319530487,0.4396228790283203,0.40790489315986633
159,25,0.021593764424324036,0.18935005366802216,0.005869586952030659,0.0947725921869278,-9.261945399163935e-28,0.0349617674946785,0.40118277072906494,0.5699447393417358
160,18,0.2470991164445877,0.2851050794124603,0.2195073366165161,0.2152285873889923,1.0212985314068461e-29,0.22692079842090607,0.02694600634276867,0.06584757566452026
161,25,0.021593764424324036,0.18935005366802216,0.005869586952030659,0.0947725921869278,-9.261945399163935e-28,0.0349617674946785,0.40118277072906494,0.5699447393417358
162,7,0.19011418521404266,0.08775003254413605,0.16086558997631073,0.3875947892665863,-1.2054827893192224e-27,0.43534383177757263,0.16025221347808838,0.07624288648366928
163,25,0.021593764424324036,0.18935005366802216,0.005869586952030659,0.0947725921869278,-9.261945399163935e-28,0.0349617600440979,0.40118277072906494,0.5699447393417358
164,18,0.2470991164445877,0.2851050794124603,0.2195073366165161,0.2152285873889923,1.0212985314068461e-29,0.22692079842090607,0.02694600634276867,0.06584757566452026
165,18,0.2470991164445877,0.2851050794124603,0.2195073366165161,0.2152285873889923,1.0212985314068461e-29,0.22692079842090607,0.02694600634276867,0.06584757566452026
166,25,0.021593764424324036,0.18935005366802216,0.005869586952030659,0.0947725921869278,-9.261945399163935e-28,0.0349617674946785,0.40118277072906494,0.5699447393417358
167,25,0.021593764424324036,0.18935005366802216,0.005869586952030659,0.0947725921869278,-9.261945399163935e-28,0.0349617674946785,0.40118277072906494,0.5699447393417358
168,12,0.10258381068706512,0.25333061814308167,0.08868672698736191,0.26203081011772156,1.6462558765201358e-24,0.050348784774541855,0.12007617205381393,0.25655311346054077
169,25,0.021593764424324036,0.18935005366802216,0.005869586952030659,0.0947725921869278,-9.261945399163935e-28,0.0349617674946785,0.40118277072906494,0.5699447393417358
170,18,0.2470991164445877,0.2851050794124603,0.2195073366165161,0.2152285873889923,1.0212985314068461e-29,0.22692079842090607,0.02694600634276867,0.06584757566452026
171,16,0.11110907047986984,0.43291136622428894,0.08722265809774399,0.04676879942417145,5.278744662602799e-22,0.03899494558572769,0.10976924747228622,0.29670411348342896
172,7,0.19011418521404266,0.08775003254413605,0.16086558997631073,0.3875947892665863,-1.2054827893192224e-27,0.43534383177757263,0.16025221347808838,0.07624288648366928
173,12,0.10258381068706512,0.25333061814308167,0.08868672698736191,0.26203081011772156,1.6462558765201358e-24,0.050348784774541855,0.12007617950439453,0.25655311346054077
174,16,0.11110907047986984,0.43291136622428894,0.08722265809774399,0.04676879942417145,5.278744662602799e-22,0.03899494558572769,0.10976924747228622,0.29670411348342896
175,18,0.2470991164445877,0.2851050794124603,0.2195073366165161,0.2152285873889923,1.0212985314068461e-29,0.22692079842090607,0.02694600634276867,0.06584757566452026
176,25,0.021593764424324036,0.18935005366802216,0.005869586952030659,0.0947725921869278,-9.261945399163935e-28,0.0349617674946785,0.40118277072906494,0.5699447393417358
177,18,0.2470991164445877,0.2851050794124603,0.2195073366165161,0.2152285873889923,1.0212985314068461e-29,0.22692079842090607,0.02694600634276867,0.06584757566452026
178,9,0.03446820005774498,0.03250381723046303,0.0056444257497787476,0.34708645939826965,-1.0796163822539654e-28,0.3395223319530487,0.4396228790283203,0.40790489315986633
179,16,0.11110907047986984,0.43291136622428894,0.08722265809774399,0.04676879942417145,5.278744662602799e-22,0.03899494558572769,0.10976924747228622,0.29670411348342896
180,16,0.11110907047986984,0.43291136622428894,0.08722265809774399,0.04676879942417145,5.278744662602799e-22,0.03899494558572769,0.10976925492286682,0.29670411348342896
181,16,0.11110907047986984,0.43291136622428894,0.08722265809774399,0.04676879942417145,5.278744662602799e-22,0.03899494558572769,0.10976924747228622,0.29670411348342896
182,18,0.2470991164445877,0.2851050794124603,0.2195073366165161,0.2152285873889923,1.0212985314068461e-29,0.22692079842090607,0.02694600634276867,0.06584757566452026
183,25,0.021593764424324036,0.18935005366802216,0.005869586952030659,0.0947725921869278,-9.261945399163935e-28,0.0349617674946785,0.40118277072906494,0.5699447393417358
184,25,0.021593764424324036,0.18935005366802216,0.005869586952030659,0.0947725921869278,-9.261945399163935e-28,0.0349617600440979,0.40118277072906494,0.5699447393417358
185,18,0.2470991164445877,0.2851050794124603,0.2195073366165161,0.2152285873889923,1.0212985314068461e-29,0.22692079842090607,0.02694600634276867,0.06584757566452026
186,25,0.021593764424324036,0.18935005366802216,0.005869586952030659,0.0947725921869278,-9.261945399163935e-28,0.0349617674946785,0.40118277072906494,0.5699447393417358
187,25,0.021593764424324036,0.18935005366802216,0.005869586952030659,0.0947725921869278,-9.261945399163935e-28,0.0349617674946785,0.40118277072906494,0.5699447393417358
188,25,0.021593764424324036,0.18935005366802216,0.005869586952030659,0.0947725921869278,-9.261945399163935e-28,0.0349617674946785,0.40118277072906494,0.5699447393417358
189,9,0.03446820005774498,0.03250381723046303,0.0056444257497787476,0.34708645939826965,-1.0796163822539654e-28,0.3395223319530487,0.4396228790283203,0.40790489315986633
190,9,0.03446820005774498,0.03250381723046303,0.0056444257497787476,0.34708645939826965,-1.0796163822539654e-28,0.3395223319530487,0.4396228790283203,0.40790489315986633
191,7,0.19011417031288147,0.08775003254413605,0.16086560487747192,0.3875947892665863,-1.2054827893192224e-27,0.43534383177757263,0.16025221347808838,0.07624288648366928
192,7,0.19011420011520386,0.08775003254413605,0.16086558997631073,0.3875947892665863,-1.2054827893192224e-27,0.43534383177757263,0.16025221347808838,0.07624288648366928
193,12,0.10258381068706512,0.25333061814308167,0.0886867344379425,0.26203081011772156,1.6462558765201358e-24,0.050348784774541855,0.12007617205381393,0.25655311346054077
194,9,0.03446820005774498,0.03250381723046303,0.0056444257497787476,0.34708645939826965,-1.0796163822539654e-28,0.3395223319530487,0.4396228790283203,0.40790489315986633
195,16,0.11110907047986984,0.43291136622428894,0.08722265809774399,0.04676879942417145,5.278744662602799e-22,0.03899494558572769,0.10976924747228622,0.29670411348342896
196,25,0.021593764424324036,0.18935005366802216,0.005869586952030659,0.0947725921869278,-9.261945399163935e-28,0.0349617674946785,0.40118277072906494,0.5699447393417358
197,18,0.2470991164445877,0.2851050794124603,0.2195073366165161,0.2152285873889923,1.0212985314068461e-29,0.22692079842090607,0.02694600820541382,0.06584757566452026
198,12,0.10258381068706512,0.25333061814308167,0.0886867344379425,0.26203081011772156,1.6462558765201358e-24,0.050348784774541855,0.12007617205381393,0.25655311346054077
199,25,0.021593764424324036,0.18935005366802216,0.005869586952030659,0.0947725921869278,-9.261945399163935e-28,0.0349617674946785,0.40118277072906494,0.5699447393417358
200,12,0.10258381068706512,0.25333061814308167,0.08868672698736191,0.26203081011772156,1.6462558765201358e-24,0.050348784774541855,0.12007617205381393,0.25655311346054077
201,25,0.021593764424324036,0.18935005366802216,0.005869586952030659,0.0947725921869278,-9.261945399163935e-28,0.0349617674946785,0.40118277072906494,0.5699447393417358
202,18,0.2470991164445877,0.2851050794124603,0.2195073366165161,0.2152285873889923,1.0212985314068461e-29,0.22692079842090607,0.02694600634276867,0.06584757566452026
203,9,0.03446820005774498,0.03250381350517273,0.0056444257497787476,0.34708648920059204,-1.0796163822539654e-28,0.3395223319530487,0.4396228790283203,0.40790489315986633
204,25,0.021593764424324036,0.18935005366802216,0.005869586952030659,0.0947725921869278,-9.261945399163935e-28,0.0349617674946785,0.40118277072906494,0.5699447393417358
205,25,0.021593764424324036,0.18935005366802216,0.005869586952030659,0.0947725921869278,-9.261945399163935e-28,0.034961774945259094,0.40118277072906494,0.5699447393417358
206,25,0.021593764424324036,0.18935006856918335,0.005869586020708084,0.0947725921869278,-9.261945399163935e-28,0.0349617674946785,0.40118277072906494,0.5699447393417358
207,9,0.03446820005774498,0.03250381723046303,0.0056444257497787476,0.34708645939826965,-1.0796163822539654e-28,0.3395223319530487,0.4396228790283203,0.40790489315986633
208,7,0.19011418521404266,0.08775003254413605,0.16086558997631073,0.3875947892665863,-1.2054827893192224e-27,0.43534383177757263,0.16025221347808838,0.07624288648366928
209,9,0.03446820005774498,0.03250381723046303,0.0056444257497787476,0.34708645939826965,-1.0796163822539654e-28,0.3395223319530487,0.4396228790283203,0.40790489315986633
210,7,0.19011418521404266,0.08775003254413605,0.16086558997631073,0.3875947892665863,-1.2054827893192224e-27,0.43534383177757263,0.16025221347808838,0.07624288648366928
211,7,0.19011418521404266,0.08775003254413605,0.16086558997631073,0.3875947892665863,-1.2054827893192224e-27,0.43534383177757263,0.16025221347808838,0.07624288648366928
212,25,0.021593764424324036,0.18935005366802216,0.005869587883353233,0.0947725921869278,-9.261945399163935e-28,0.0349617674946785,0.40118277072906494,0.5699447393417358
213,18,0.2470991164445877,0.2851050794124603,0.2195073366165161,0.2152285873889923,1.0212985314068461e-29,0.22692079842090607,0.02694600634276867,0.06584757566452026
214,9,0.03446820005774498,0.03250381350517273,0.0056444257497787476,0.34708645939826965,-1.0796163822539654e-28,0.3395223319530487,0.4396228790283203,0.40790489315986633
215,16,0.11110907047986984,0.43291136622428894,0.08722265809774399,0.04676879942417145,5.278744662602799e-22,0.03899494558572769,0.10976924747228622,0.29670411348342896
216,7,0.19011418521404266,0.08775003254413605,0.16086558997631073,0.3875947892665863,-1.2054827893192224e-27,0.43534383177757263,0.16025221347808838,0.07624288648366928
217,18,0.2470991164445877,0.2851050794124603,0.2195073366165161,0.2152285873889923,1.0212985314068461e-29,0.22692079842090607,0.02694600634276867,0.06584757566452026
218,18,0.2470991164445877,0.2851050794124603,0.2195073366165161,0.2152285873889923,1.0212985314068461e-29,0.22692079842090607,0.02694600820541382,0.06584757566452026
219,25,0.021593764424324036,0.18935005366802216,0.005869586020708084,0.0947725921869278,-9.261945399163935e-28,0.0349617674946785,0.40118277072906494,0.5699447393417358
220,9,0.03446820005774498,0.03250381723046303,0.0056444257497787476,0.34708645939826965,-1.0796163822539654e-28,0.3395223319530487,0.4396228790283203,0.40790489315986633
221,7,0.19011418521404266,0.08775003254413605,0.16086558997631073,0.3875947892665863,-1.2054827893192224e-27,0.43534383177757263,0.16025221347808838,0.07624288648366928
222,7,0.19011418521404266,0.08775003254413605,0.16086558997631073,0.3875947892665863,-1.2054827893192224e-27,0.43534383177757263,0.16025221347808838,0.07624288648366928
223,9,0.03446820005774498,0.03250381723046303,0.0056444257497787476,0.34708645939826965,-1.0796163822539654e-28,0.3395223319530487,0.4396228790283203,0.40790489315986633
224,26,0.0885787233710289,0.17539560794830322,0.023177336901426315,0.1534094214439392,3.408940376477151e-32,0.24340121448040009,0.18172414600849152,0.16032381355762482
225,9,0.03446820005774498,0.03250381723046303,0.0056444257497787476,0.34708645939826965,-1.0796163822539654e-28,0.3395223319530487,0.4396228790283203,0.40790489315986633
226,12,0.10258381068706512,0.25333061814308167,0.08868672698736191,0.26203081011772156,1.6462558765201358e-24,0.050348784774541855,0.12007616460323334,0.25655311346054077
227,12,0.10258381068706512,0.25333061814308167,0.08868672698736191,0.26203081011772156,1.6462558765201358e-24,0.050348784774541855,0.12007617950439453,0.25655311346054077
228,25,0.021593764424324036,0.18935005366802216,0.005869586952030659,0.0947725921869278,-9.261945399163935e-28,0.0349617674946785,0.40118277072906494,0.5699447393417358
229,9,0.03446820005774498,0.03250381723046303,0.0056444257497787476,0.34708645939826965,-1.0796163822539654e-28,0.3395223319530487,0.4396228790283203,0.40790489315986633
230,7,0.19011418521404266,0.08775003254413605,0.16086558997631073,0.3875947892665863,-1.2054827893192224e-27,0.43534383177757263,0.16025221347808838,0.07624288648366928
231,9,0.03446820005774498,0.03250381723046303,0.0056444257497787476,0.34708648920059204,-1.0796163822539654e-28,0.3395223319530487,0.4396228790283203,0.40790489315986633
232,26,0.0885787233710289,0.17539560794830322,0.023177336901426315,0.1534094214439392,3.408940376477151e-32,0.24340121448040009,0.18172414600849152,0.16032381355762482
233,25,0.021593764424324036,0.18935005366802216,0.005869586952030659,0.0947725921869278,-9.261945399163935e-28,0.0349617674946785,0.40118277072906494,0.5699447393417358
234,7,0.19011418521404266,0.08775003254413605,0.16086558997631073,0.3875947892665863,-1.2054827893192224e-27,0.43534383177757263,0.16025221347808838,0.07624288648366928
235,7,0.19011418521404266,0.08775003254413605,0.16086558997631073,0.3875947892665863,-1.2054827893192224e-27,0.43534383177757263,0.16025221347808838,0.07624288648366928
236,7,0.19011418521404266,0.08775003254413605,0.16086558997631073,0.3875947892665863,-1.2054827893192224e-27,0.43534383177757263,0.16025221347808838,0.07624288648366928
237,7,0.19011418521404266,0.08775003254413605,0.16086558997631073,0.3875947892665863,-1.2054827893192224e-27,0.43534383177757263,0.16025221347808838,0.07624288648366928
238,9,0.03446820005774498,0.03250381723046303,0.0056444257497787476,0.34708642959594727,-1.0796163822539654e-28,0.3395223319530487,0.4396228790283203,0.40790489315986633
239,16,0.11110907047986984,0.43291136622428894,0.08722265809774399,0.04676879942417145,5.278744662602799e-22,0.03899494558572769,0.10976925492286682,0.29670411348342896
240,16,0.11110907047986984,0.43291136622428894,0.08722265809774399,0.04676879942417145,5.278744662602799e-22,0.03899495303630829,0.10976924747228622,0.29670411348342896
241,18,0.2470991164445877,0.2851050794124603,0.2195073366165161,0.2152285873889923,1.0212985314068461e-29,0.22692079842090607,0.02694600634276867,0.06584757566452026
242,18,0.2470991164445877,0.2851050794124603,0.2195073366165161,0.2152285873889923,1.0212985314068461e-29,0.22692079842090607,0.02694600820541382,0.06584757566452026
243,16,0.11110907047986984,0.43291136622428894,0.08722265809774399,0.04676879942417145,5.278744662602799e-22,0.03899494558572769,0.10976924747228622,0.29670411348342896
244,9,0.03446820005774498,0.032503820955753326,0.0056444257497787476,0.34708645939826965,-1.0796163822539654e-28,0.3395223319530487,0.4396228790283203,0.40790489315986633
245,16,0.11110907047986984,0.43291136622428894,0.08722265809774399,0.04676879942417145,5.278744662602799e-22,0.03899494558572769,0.10976924747228622,0.29670411348342896
246,9,0.03446820005774498,0.03250381723046303,0.0056444257497787476,0.34708645939826965,-1.0796163822539654e-28,0.3395223319530487,0.4396228790283203,0.40790489315986633
247,12,0.10258381068706512,0.25333061814308167,0.08868672698736191,0.26203081011772156,1.6462558765201358e-24,0.050348784774541855,0.12007617950439453,0.25655311346054077
248,26,0.0885787233710289,0.17539560794830322,0.023177336901426315,0.1534094214439392,3.408940376477151e-32,0.24340121448040009,0.18172414600849152,0.16032381355762482
249,25,0.021593764424324036,0.18935005366802216,0.005869586952030659,0.0947725921869278,-9.261945399163935e-28,0.0349617600440979,0.40118277072906494,0.5699447393417358
250,12,0.10258381068706512,0.25333061814308167,0.08868672698736191,0.26203081011772156,1.6462558765201358e-24,0.050348784774541855,0.12007617205381393,0.25655311346054077
251,26,0.0885787233710289,0.17539560794830322,0.023177336901426315,0.1534094214439392,3.408940376477151e-32,0.24340121448040009,0.18172414600849152,0.16032381355762482
252,16,0.11110907047986984,0.43291136622428894,0.08722265809774399,0.04676879942417145,5.278744662602799e-22,0.03899494558572769,0.10976924747228622,0.29670411348342896
253,25,0.021593764424324036,0.18935005366802216,0.005869586020708084,0.0947725921869278,-9.261945399163935e-28,0.0349617674946785,0.40118277072906494,0.5699447393417358
254,7,0.19011418521404266,0.08775003254413605,0.16086558997631073,0.3875947892665863,-1.2054827893192224e-27,0.43534383177757263,0.16025221347808838,0.07624288648366928
255,18,0.2470991164445877,0.2851050794124603,0.2195073366165161,0.2152285873889923,1.0212985314068461e-29,0.22692079842090607,0.02694600820541382,0.06584757566452026
256,9,0.03446820005774498,0.03250381723046303,0.0056444257497787476,0.34708645939826965,-1.0796163822539654e-28,0.3395223319530487,0.4396228790283203,0.40790489315986633
257,9,0.03446820005774498,0.03250381723046303,0.0056444257497787476,0.34708645939826965,-1.0796163822539654e-28,0.3395223319530487,0.4396228790283203,0.40790489315986633
258,9,0.03446820005774498,0.03250381723046303,0.0056444257497787476,0.34708645939826965,-1.0796163822539654e-28,0.3395223319530487,0.4396228790283203,0.40790489315986633
259,25,0.021593764424324036,0.18935005366802216,0.005869586020708084,0.0947725921869278,-9.261945399163935e-28,0.0349617674946785,0.40118277072906494,0.5699447393417358
260,16,0.11110907047986984,0.43291136622428894,0.08722265809774399,0.04676879942417145,5.278744662602799e-22,0.03899494558572769,0.10976924747228622,0.29670411348342896
261,9,0.03446820005774498,0.03250381723046303,0.0056444257497787476,0.34708645939826965,-1.0796163822539654e-28,0.3395223319530487,0.4396228790283203,0.40790489315986633
262,7,0.19011418521404266,0.08775003254413605,0.16086558997631073,0.3875947892665863,-1.2054827893192224e-27,0.43534383177757263,0.16025221347808838,0.07624288648366928
263,25,0.021593764424324036,0.18935005366802216,0.005869586952030659,0.0947725921869278,-9.261945399163935e-28,0.0349617674946785,0.40118277072906494,0.5699447393417358
264,9,0.03446820005774498,0.03250381723046303,0.0056444257497787476,0.34708645939826965,-1.0796163822539654e-28,0.3395223319530487,0.4396228790283203,0.40790489315986633
265,16,0.11110907047986984,0.43291136622428894,0.08722265809774399,0.04676879942417145,5.278744662602799e-22,0.03899494558572769,0.10976924747228622,0.29670411348342896
266,25,0.021593764424324036,0.18935005366802216,0.005869586952030659,0.0947725921869278,-9.261945399163935e-28,0.0349617674946785,0.40118277072906494,0.5699447393417358
267,25,0.021593764424324036,0.18935005366802216,0.005869589745998383,0.0947725921869278,-9.261945399163935e-28,0.0349617674946785,0.40118277072906494,0.5699447393417358
268,9,0.03446820005774498,0.03250381723046303,0.0056444257497787476,0.34708642959594727,-1.0796163822539654e-28,0.3395223319530487,0.4396228790283203,0.40790489315986633
269,9,0.03446820005774498,0.032503820955753326,0.0056444257497787476,0.34708645939826965,-1.0796163822539654e-28,0.3395223319530487,0.4396228790283203,0.40790489315986633
270,16,0.11110907047986984,0.43291136622428894,0.08722265809774399,0.04676879942417145,5.278744662602799e-22,0.03899494558572769,0.10976924747228622,0.29670411348342896
271,7,0.19011418521404266,0.08775003254413605,0.16086558997631073,0.3875947892665863,-1.2054827893192224e-27,0.43534383177757263,0.16025221347808838,0.07624288648366928
272,7,0.19011418521404266,0.08775003254413605,0.16086558997631073,0.3875947892665863,-1.2054827893192224e-27,0.43534383177757263,0.16025221347808838,0.07624288648366928
273,7,0.19011418521404266,0.08775003254413605,0.16086558997631073,0.3875947892665863,-1.2054827893192224e-27,0.43534383177757263,0.16025221347808838,0.07624288648366928
274,9,0.03446820005774498,0.03250381723046303,0.0056444257497787476,0.34708645939826965,-1.0796163822539654e-28,0.3395223319530487,0.4396228790283203,0.40790489315986633
275,18,0.2470991164445877,0.2851050794124603,0.2195073366165161,0.2152285873889923,1.0212985314068461e-29,0.22692081332206726,0.02694600634276867,0.06584757566452026
276,9,0.03446820005774498,0.03250381723046303,0.0056444257497787476,0.34708645939826965,-1.0796163822539654e-28,0.3395223319530487,0.4396228790283203,0.40790489315986633
277,7,0.19011418521404266,0.08775003254413605,0.16086558997631073,0.3875947892665863,-1.2054827893192224e-27,0.43534383177757263,0.16025221347808838,0.07624288648366928
278,12,0.10258381068706512,0.25333061814308167,0.0886867344379425,0.26203081011772156,1.6462558765201358e-24,0.050348784774541855,0.12007617205381393,0.25655311346054077
279,16,0.11110907047986984,0.43291136622428894,0.08722265809774399,0.04676879942417145,5.278744662602799e-22,0.03899494558572769,0.10976924747228622,0.29670411348342896
280,9,0.03446820005774498,0.03250381723046303,0.0056444257497787476,0.34708645939826965,-1.0796163822539654e-28,0.3395223319530487,0.4396228790283203,0.40790489315986633
281,7,0.19011418521404266,0.08775003254413605,0.16086558997631073,0.3875947892665863,-1.2054827893192224e-27,0.43534383177757263,0.16025221347808838,0.07624288648366928
282,18,0.2470991164445877,0.2851050794124603,0.2195073366165161,0.2152285873889923,1.0212985314068461e-29,0.22692079842090607,0.02694600634276867,0.06584757566452026
283,25,0.021593764424324036,0.18935005366802216,0.005869586952030659,0.0947725921869278,-9.261945399163935e-28,0.034961774945259094,0.40118277072906494,0.5699447393417358
284,12,0.10258381068706512,0.25333061814308167,0.08868672698736191,0.26203081011772156,1.6462558765201358e-24,0.050348784774541855,0.12007617950439453,0.25655311346054077
285,7,0.19011418521404266,0.08775003254413605,0.16086558997631073,0.3875947892665863,-1.2054827893192224e-27,0.43534383177757263,0.16025221347808838,0.07624288648366928
286,25,0.021593764424324036,0.18935005366802216,0.005869586952030659,0.0947725921869278,-9.261945399163935e-28,0.0349617674946785,0.40118277072906494,0.5699447393417358
287,25,0.021593764424324036,0.18935005366802216,0.005869586952030659,0.0947725921869278,-9.261945399163935e-28,0.0349617674946785,0.40118277072906494,0.5699447393417358
288,9,0.03446820005774498,0.03250381723046303,0.0056444257497787476,0.34708645939826965,-1.0796163822539654e-28,0.3395223319530487,0.4396228790283203,0.40790489315986633
289,12,0.10258381068706512,0.25333061814308167,0.08868672698736191,0.26203081011772156,1.6462558765201358e-24,0.050348784774541855,0.12007617205381393,0.25655311346054077
290,9,0.03446820005774498,0.03250381723046303,0.0056444257497787476,0.34708645939826965,-1.0796163822539654e-28,0.3395223319530487,0.4396228790283203,0.40790489315986633
291,7,0.19011418521404266,0.08775003254413605,0.16086558997631073,0.3875947892665863,-1.2054827893192224e-27,0.43534383177757263,0.16025221347808838,0.07624288648366928
292,9,0.03446820005774498,0.03250381723046303,0.0056444257497787476,0.34708642959594727,-1.0796163822539654e-28,0.3395223319530487,0.4396228790283203,0.40790489315986633
293,25,0.021593764424324036,0.18935005366802216,0.005869586952030659,0.0947725921869278,-9.261945399163935e-28,0.0349617674946785,0.40118277072906494,0.5699447393417358
294,12,0.10258381068706512,0.25333061814308167,0.08868672698736191,0.26203081011772156,1.6462558765201358e-24,0.050348784774541855,0.12007617205381393,0.25655311346054077
295,18,0.2470991164445877,0.2851050794124603,0.2195073366165161,0.2152285873889923,1.0212985314068461e-29,0.22692081332206726,0.02694600634276867,0.06584757566452026
296,25,0.021593764424324036,0.18935005366802216,0.005869586952030659,0.0947725921869278,-9.261945399163935e-28,0.0349617674946785,0.40118277072906494,0.5699447393417358
297,7,0.19011418521404266,0.08775003254413605,0.16086558997631073,0.3875947892665863,-1.2054827893192224e-27,0.43534383177757263,0.16025221347808838,0.07624288648366928
298,18,0.2470991164445877,0.2851050794124603,0.2195073366165161,0.2152285873889923,1.0212985314068461e-29,0.22692078351974487,0.02694600820541382,0.06584757566452026
299,16,0.11110907047986984,0.43291136622428894,0.08722265809774399,0.04676879942417145,5.278744662602799e-22,0.03899495303630829,0.10976924747228622,0.29670411348342896
300,25,0.021593764424324036,0.18935005366802216,0.005869586952030659,0.0947725921869278,-9.261945399163935e-28,0.0349617674946785,0.40118277072906494,0.5699447393417358
301,25,0.021593764424324036,0.18935005366802216,0.005869586952030659,0.0947725921869278,-9.261945399163935e-28,0.034961774945259094,0.40118277072906494,0.5699447393417358
302,16,0.11110907047986984,0.43291136622428894,0.08722265809774399,0.04676879942417145,5.278744662602799e-22,0.03899494558572769,0.10976925492286682,0.29670411348342896
303,7,0.19011418521404266,0.08775003254413605,0.16086558997631073,0.3875947892665863,-1.2054827893192224e-27,0.43534383177757263,0.16025221347808838,0.07624288648366928
304,9,0.03446820005774498,0.03250381723046303,0.0056444257497787476,0.34708642959594727,-1.0796163822539654e-28,0.3395223319530487,0.4396228790283203,0.40790489315986633
305,16,0.11110907047986984,0.43291136622428894,0.08722265809774399,0.04676879942417145,5.278744662602799e-22,0.03899494558572769,0.10976924747228622,0.29670411348342896
306,9,0.03446820005774498,0.03250381723046303,0.0056444257497787476,0.34708645939826965,-1.0796163822539654e-28,0.3395223319530487,0.4396228790283203,0.40790489315986633
307,18,0.2470991164445877,0.2851050794124603,0.2195073366165161,0.2152285873889923,1.0212985314068461e-29,0.22692079842090607,0.02694600820541382,0.06584757566452026
308,16,0.11110907047986984,0.43291136622428894,0.08722265809774399,0.04676879942417145,5.278744662602799e-22,0.03899494558572769,0.10976924002170563,0.29670411348342896
309,9,0.03446820005774498,0.03250381723046303,0.0056444257497787476,0.34708642959594727,-1.0796163822539654e-28,0.3395223319530487,0.4396228790283203,0.40790489315986633
310,9,0.03446820005774498,0.03250381723046303,0.0056444257497787476,0.34708645939826965,-1.0796163822539654e-28,0.3395223319530487,0.4396228790283203,0.40790489315986633
311,25,0.021593764424324036,0.18935005366802216,0.005869586952030659,0.0947725921869278,-9.261945399163935e-28,0.0349617674946785,0.40118277072906494,0.5699447393417358
312,9,0.03446820005774498,0.03250381723046303,0.0056444257497787476,0.34708645939826965,-1.0796163822539654e-28,0.3395223319530487,0.4396228790283203,0.40790489315986633
313,18,0.2470991164445877,0.2851050794124603,0.2195073366165161,0.2152285873889923,1.0212985314068461e-29,0.22692079842090607,0.02694600634276867,0.06584757566452026
314,16,0.11110907047986984,0.43291136622428894,0.08722265809774399,0.04676879942417145,5.278744662602799e-22,0.03899494558572769,0.10976924747228622,0.29670411348342896
315,18,0.2470991164445877,0.2851050794124603,0.2195073366165161,0.2152285873889923,1.0212985314068461e-29,0.22692079842090607,0.02694600634276867,0.06584757566452026
316,26,0.0885787233710289,0.17539560794830322,0.023177336901426315,0.1534094214439392,3.408940376477151e-32,0.24340121448040009,0.18172414600849152,0.16032381355762482
317,9,0.03446820005774498,0.03250381723046303,0.0056444257497787476,0.34708645939826965,-1.0796163822539654e-28,0.3395223319530487,0.4396228790283203,0.40790489315986633
318,25,0.021593764424324036,0.18935005366802216,0.005869586952030659,0.0947725921869278,-9.261945399163935e-28,0.0349617674946785,0.40118277072906494,0.5699447393417358
319,7,0.19011418521404266,0.08775003254413605,0.16086558997631073,0.3875947892665863,-1.2054827893192224e-27,0.43534383177757263,0.16025221347808838,0.07624288648366928
320,25,0.021593764424324036,0.18935005366802216,0.005869586952030659,0.0947725921869278,-9.261945399163935e-28,0.0349617674946785,0.40118277072906494,0.5699447393417358
321,25,0.021593764424324036,0.18935005366802216,0.005869586952030659,0.0947725921869278,-9.261945399163935e-28,0.0349617674946785,0.40118277072906494,0.5699447393417358
322,9,0.03446820005774498,0.03250381723046303,0.0056444257497787476,0.34708645939826965,-1.0796163822539654e-28,0.3395223319530487,0.4396228790283203,0.40790489315986633
323,25,0.021593764424324036,0.18935005366802216,0.005869586952030659,0.0947725921869278,-9.261945399163935e-28,0.0349617674946785,0.40118277072906494,0.5699447393417358
324,25,0.021593764424324036,0.18935005366802216,0.005869589745998383,0.0947725921869278,-9.261945399163935e-28,0.0349617674946785,0.40118277072906494,0.5699447393417358
325,25,0.021593764424324036,0.18935005366802216,0.005869586952030659,0.0947725921869278,-9.261945399163935e-28,0.0349617674946785,0.40118277072906494,0.5699447393417358
326,7,0.19011418521404266,0.08775003254413605,0.16086558997631073,0.3875947892665863,-1.2054827893192224e-27,0.43534383177757263,0.16025221347808838,0.07624288648366928
327,18,0.2470991164445877,0.2851050794124603,0.2195073366165161,0.2152285873889923,1.0212985314068461e-29,0.22692078351974487,0.02694600634276867,0.06584757566452026
328,25,0.021593764424324036,0.18935005366802216,0.005869586952030659,0.0947725921869278,-9.261945399163935e-28,0.0349617600440979,0.40118277072906494,0.5699447393417358
329,7,0.19011418521404266,0.08775003254413605,0.16086558997631073,0.3875947892665863,-1.2054827893192224e-27,0.43534383177757263,0.16025221347808838,0.07624288648366928
330,18,0.2470991164445877,0.2851050794124603,0.2195073366165161,0.2152285873889923,1.0212985314068461e-29,0.22692079842090607,0.02694600634276867,0.06584757566452026
331,16,0.11110907047986984,0.43291136622428894,0.08722265809774399,0.04676879942417145,5.278744662602799e-22,0.03899494558572769,0.10976924747228622,0.29670411348342896
332,25,0.021593764424324036,0.18935003876686096,0.005869586952030659,0.0947725921869278,-9.261945399163935e-28,0.0349617674946785,0.40118277072906494,0.5699447393417358
333,9,0.03446820005774498,0.03250381723046303,0.0056444257497787476,0.34708642959594727,-1.0796163822539654e-28,0.3395223319530487,0.4396228790283203,0.40790489315986633
334,7,0.19011418521404266,0.08775003254413605,0.16086558997631073,0.3875947892665863,-1.2054827893192224e-27,0.43534383177757263,0.16025221347808838,0.07624288648366928
335,7,0.19011418521404266,0.08775003254413605,0.16086558997631073,0.3875947892665863,-1.2054827893192224e-27,0.43534383177757263,0.16025221347808838,0.07624288648366928
336,9,0.03446820005774498,0.03250381723046303,0.0056444257497787476,0.34708645939826965,-1.0796163822539654e-28,0.3395223319530487,0.4396228790283203,0.40790489315986633
337,16,0.11110907047986984,0.43291136622428894,0.08722265809774399,0.04676879942417145,5.278744662602799e-22,0.03899494558572769,0.10976924747228622,0.29670411348342896
338,26,0.0885787233710289,0.17539560794830322,0.023177333176136017,0.1534094214439392,3.408940376477151e-32,0.24340121448040009,0.18172414600849152,0.16032381355762482
339,18,0.2470991164445877,0.2851050794124603,0.2195073366165161,0.2152285873889923,1.0212985314068461e-29,0.22692079842090607,0.02694600820541382,0.06584757566452026
340,25,0.021593764424324036,0.18935005366802216,0.005869586952030659,0.0947725921869278,-9.261945399163935e-28,0.0349617674946785,0.40118277072906494,0.5699447393417358
341,25,0.021593764424324036,0.18935005366802216,0.005869586952030659,0.0947725921869278,-9.261945399163935e-28,0.0349617674946785,0.40118277072906494,0.5699447393417358
342,9,0.03446820005774498,0.03250381723046303,0.0056444257497787476,0.34708642959594727,-1.0796163822539654e-28,0.3395223319530487,0.4396228790283203,0.40790489315986633
343,7,0.19011418521404266,0.08775003254413605,0.16086558997631073,0.3875947892665863,-1.2054827893192224e-27,0.43534383177757263,0.16025221347808838,0.07624288648366928
344,16,0.11110907047986984,0.43291136622428894,0.08722265809774399,0.04676879942417145,5.278744662602799e-22,0.03899494558572769,0.10976924747228622,0.29670411348342896
345,16,0.11110907047986984,0.43291136622428894,0.08722265809774399,0.04676879942417145,5.278744662602799e-22,0.038994938135147095,0.10976925492286682,0.29670411348342896
346,16,0.11110907047986984,0.43291136622428894,0.08722265809774399,0.04676879942417145,5.278744662602799e-22,0.03899494558572769,0.10976924747228622,0.29670411348342896
347,9,0.03446820005774498,0.03250381723046303,0.0056444257497787476,0.34708645939826965,-1.0796163822539654e-28,0.3395223319530487,0.4396228790283203,0.40790489315986633
348,16,0.11110907047986984,0.43291136622428894,0.08722265809774399,0.04676879942417145,5.278744662602799e-22,0.03899494558572769,0.10976924747228622,0.29670411348342896
349,16,0.11110907047986984,0.43291136622428894,0.08722265809774399,0.04676879942417145,5.278744662602799e-22,0.03899494558572769,0.10976924747228622,0.29670411348342896
350,18,0.2470991164445877,0.2851050794124603,0.2195073366165161,0.2152285873889923,1.0212985314068461e-29,0.22692079842090607,0.02694600634276867,0.06584757566452026
351,16,0.11110907047986984,0.43291136622428894,0.08722265809774399,0.04676879942417145,5.278744662602799e-22,0.03899494558572769,0.10976924747228622,0.29670411348342896
352,12,0.10258381068706512,0.25333061814308167,0.08868672698736191,0.26203081011772156,1.6462558765201358e-24,0.050348784774541855,0.12007617205381393,0.25655311346054077
353,16,0.11110907047986984,0.43291136622428894,0.08722265809774399,0.04676879942417145,5.278744662602799e-22,0.03899494558572769,0.10976924747228622,0.29670411348342896
354,9,0.03446820005774498,0.03250381723046303,0.0056444257497787476,0.34708645939826965,-1.0796163822539654e-28,0.3395223319530487,0.4396228790283203,0.40790489315986633
355,25,0.021593764424324036,0.18935005366802216,0.005869586952030659,0.0947725921869278,-9.261945399163935e-28,0.034961774945259094,0.40118277072906494,0.5699447393417358
356,9,0.03446820005774498,0.03250381723046303,0.0056444257497787476,0.34708645939826965,-1.0796163822539654e-28,0.3395223319530487,0.4396228790283203,0.40790489315986633
357,7,0.19011418521404266,0.08775003254413605,0.16086558997631073,0.3875947892665863,-1.2054827893192224e-27,0.43534383177757263,0.16025221347808838,0.07624288648366928
358,25,0.021593764424324036,0.18935005366802216,0.005869586952030659,0.0947725921869278,-9.261945399163935e-28,0.034961774945259094,0.40118277072906494,0.5699447393417358
359,12,0.10258381068706512,0.25333061814308167,0.08868672698736191,0.26203081011772156,1.6462558765201358e-24,0.050348784774541855,0.12007617950439453,0.25655311346054077
360,7,0.19011418521404266,0.08775003254413605,0.16086558997631073,0.3875947892665863,-1.2054827893192224e-27,0.43534383177757263,0.16025221347808838,0.07624288648366928
361,7,0.19011418521404266,0.08775003254413605,0.16086558997631073,0.3875947892665863,-1.2054827893192224e-27,0.43534383177757263,0.16025221347808838,0.07624288648366928
362,16,0.11110907047986984,0.43291136622428894,0.08722265809774399,0.04676879942417145,5.278744662602799e-22,0.03899494558572769,0.10976924747228622,0.29670411348342896
363,9,0.03446820005774498,0.03250381723046303,0.0056444257497787476,0.34708645939826965,-1.0796163822539654e-28,0.3395223319530487,0.4396228790283203,0.40790489315986633
364,7,0.19011418521404266,0.08775003254413605,0.16086558997631073,0.3875947892665863,-1.2054827893192224e-27,0.43534383177757263,0.16025221347808838,0.07624288648366928
365,7,0.19011418521404266,0.08775003254413605,0.16086558997631073,0.3875947892665863,-1.2054827893192224e-27,0.43534383177757263,0.16025221347808838,0.07624288648366928
366,9,0.03446820005774498,0.03250381723046303,0.0056444257497787476,0.34708645939826965,-1.0796163822539654e-28,0.3395223319530487,0.4396228790283203,0.40790489315986633
367,25,0.021593764424324036,0.18935005366802216,0.005869586952030659,0.0947725921869278,-9.261945399163935e-28,0.0349617674946785,0.40118277072906494,0.5699447393417358
368,12,0.10258381068706512,0.25333061814308167,0.08868672698736191,0.26203081011772156,1.6462558765201358e-24,0.050348784774541855,0.12007617205381393,0.25655311346054077
369,16,0.11110907047986984,0.43291136622428894,0.08722265809774399,0.04676879942417145,5.278744662602799e-22,0.03899494558572769,0.10976924747228622,0.29670411348342896
370,9,0.03446820005774498,0.032503820955753326,0.0056444257497787476,0.34708645939826965,-1.0796163822539654e-28,0.3395223319530487,0.4396228790283203,0.40790489315986633
371,12,0.10258381068706512,0.25333061814308167,0.08868672698736191,0.26203081011772156,1.6462558765201358e-24,0.050348784774541855,0.12007617205381393,0.25655311346054077
372,25,0.021593764424324036,0.18935005366802216,0.005869586952030659,0.0947725921869278,-9.261945399163935e-28,0.0349617674946785,0.40118277072906494,0.5699447393417358
373,25,0.021593764424324036,0.18935005366802216,0.005869587883353233,0.0947725921869278,-9.261945399163935e-28,0.0349617674946785,0.40118277072906494,0.5699447393417358
374,26,0.0885787233710289,0.17539560794830322,0.023177336901426315,0.1534094214439392,3.408940376477151e-32,0.24340121448040009,0.18172414600849152,0.16032381355762482
375,7,0.19011418521404266,0.08775003254413605,0.16086558997631073,0.3875947892665863,-1.2054827893192224e-27,0.43534383177757263,0.16025221347808838,0.07624288648366928
376,7,0.19011418521404266,0.08775003254413605,0.16086558997631073,0.3875947892665863,-1.2054827893192224e-27,0.43534383177757263,0.16025221347808838,0.07624288648366928
377,7,0.19011418521404266,0.08775003254413605,0.16086558997631073,0.3875947892665863,-1.2054827893192224e-27,0.43534383177757263,0.16025221347808838,0.07624288648366928
378,25,0.021593764424324036,0.18935005366802216,0.005869586952030659,0.0947725921869278,-9.261945399163935e-28,0.0349617674946785,0.40118277072906494,0.5699447393417358
379,25,0.021593764424324036,0.18935005366802216,0.005869586952030659,0.0947725772857666,-9.261945399163935e-28,0.0349617674946785,0.40118277072906494,0.5699447393417358
380,7,0.19011420011520386,0.08775003254413605,0.16086558997631073,0.3875947594642639,-1.2054827893192224e-27,0.43534383177757263,0.16025221347808838,0.07624288648366928
381,25,0.021593764424324036,0.18935005366802216,0.005869586952030659,0.0947725921869278,-9.261945399163935e-28,0.0349617674946785,0.40118277072906494,0.5699447393417358
382,18,0.2470991164445877,0.2851050794124603,0.2195073366165161,0.2152285873889923,1.0212985314068461e-29,0.22692079842090607,0.02694600820541382,0.06584757566452026
383,16,0.11110907047986984,0.43291136622428894,0.08722265809774399,0.04676879942417145,5.278744662602799e-22,0.03899494558572769,0.10976924747228622,0.29670411348342896
384,9,0.03446820005774498,0.03250381723046303,0.0056444257497787476,0.34708645939826965,-1.0796163822539654e-28,0.3395223319530487,0.4396228790283203,0.40790489315986633
385,25,0.021593764424324036,0.18935005366802216,0.005869586952030659,0.0947725921869278,-9.261945399163935e-28,0.0349617674946785,0.40118277072906494,0.5699447393417358
386,25,0.021593764424324036,0.18935005366802216,0.005869586952030659,0.0947725921869278,-9.261945399163935e-28,0.0349617674946785,0.40118277072906494,0.5699447393417358
387,25,0.021593764424324036,0.18935005366802216,0.005869586952030659,0.0947725921869278,-9.261945399163935e-28,0.0349617674946785,0.40118277072906494,0.5699447393417358
388,7,0.19011418521404266,0.08775003254413605,0.16086558997631073,0.3875947892665863,-1.2054827893192224e-27,0.43534383177757263,0.16025221347808838,0.07624288648366928
389,16,0.11110907047986984,0.43291136622428894,0.08722265809774399,0.04676879942417145,5.278744662602799e-22,0.03899494558572769,0.10976924747228622,0.29670411348342896
390,25,0.021593764424324036,0.18935005366802216,0.005869586952030659,0.0947725921869278,-9.261945399163935e-28,0.0349617674946785,0.40118277072906494,0.5699447393417358
391,12,0.10258381068706512,0.25333061814308167,0.08868672698736191,0.26203081011772156,1.6462558765201358e-24,0.050348784774541855,0.12007617205381393,0.25655311346054077
392,12,0.10258381068706512,0.25333061814308167,0.08868672698736191,0.26203081011772156,1.6462558765201358e-24,0.05034878849983215,0.12007617205381393,0.25655311346054077
393,26,0.0885787233710289,0.17539560794830322,0.023177336901426315,0.1534094214439392,3.408940376477151e-32,0.24340121448040009,0.18172414600849152,0.16032381355762482
394,25,0.021593764424324036,0.18935005366802216,0.005869586952030659,0.0947725921869278,-9.261945399163935e-28,0.0349617674946785,0.40118277072906494,0.5699447393417358
395,26,0.0885787233710289,0.17539560794830322,0.023177336901426315,0.1534094214439392,3.408940376477151e-32,0.24340121448040009,0.18172414600849152,0.16032381355762482
396,25,0.021593764424324036,0.18935005366802216,0.005869586952030659,0.0947725921869278,-9.261945399163935e-28,0.0349617674946785,0.40118277072906494,0.5699447393417358
397,9,0.03446820005774498,0.03250381723046303,0.0056444257497787476,0.34708645939826965,-1.0796163822539654e-28,0.3395223319530487,0.4396228790283203,0.40790489315986633
398,12,0.10258381068706512,0.25333061814308167,0.08868672698736191,0.26203081011772156,1.6462558765201358e-24,0.050348784774541855,0.12007617205381393,0.25655311346054077
399,18,0.2470991164445877,0.2851050794124603,0.2195073366165161,0.2152285873889923,1.0212985314068461e-29,0.22692079842090607,0.02694600634276867,0.06584757566452026
400,16,0.11110907047986984,0.43291136622428894,0.08722265809774399,0.04676879942417145,5.278744662602799e-22,0.03899494558572769,0.10976925492286682,0.29670411348342896
401,18,0.2470991164445877,0.2851050794124603,0.2195073366165161,0.2152285873889923,1.0212985314068461e-29,0.22692078351974487,0.02694600634276867,0.06584757566452026
402,7,0.19011418521404266,0.08775003254413605,0.16086560487747192,0.3875947892665863,-1.2054827893192224e-27,0.43534383177757263,0.16025221347808838,0.07624288648366928
403,12,0.10258381068706512,0.25333061814308167,0.08868672698736191,0.26203081011772156,1.6462558765201358e-24,0.050348784774541855,0.12007617205381393,0.25655311346054077
404,7,0.19011418521404266,0.08775003254413605,0.16086558997631073,0.3875947892665863,-1.2054827893192224e-27,0.43534383177757263,0.16025221347808838,0.07624288648366928
405,26,0.0885787233710289,0.17539560794830322,0.023177333176136017,0.1534094214439392,3.408940376477151e-32,0.24340121448040009,0.18172414600849152,0.16032381355762482
406,18,0.2470991164445877,0.2851050794124603,0.2195073366165161,0.2152285873889923,1.0212985314068461e-29,0.22692079842090607,0.02694600634276867,0.06584757566452026
407,7,0.19011418521404266,0.08775003254413605,0.16086558997631073,0.3875947892665863,-1.2054827893192224e-27,0.43534383177757263,0.16025221347808838,0.07624288648366928
408,7,0.19011418521404266,0.08775003254413605,0.16086558997631073,0.3875947892665863,-1.2054827893192224e-27,0.43534383177757263,0.16025221347808838,0.07624288648366928
409,25,0.021593764424324036,0.18935005366802216,0.005869586952030659,0.0947725921869278,-9.261945399163935e-28,0.0349617674946785,0.40118277072906494,0.5699447393417358
410,26,0.0885787233710289,0.17539560794830322,0.023177336901426315,0.1534094214439392,3.408940376477151e-32,0.24340121448040009,0.18172414600849152,0.16032381355762482
411,25,0.021593764424324036,0.18935005366802216,0.005869586952030659,0.0947725921869278,-9.261945399163935e-28,0.0349617674946785,0.40118277072906494,0.5699447393417358
412,9,0.03446820005774498,0.03250381350517273,0.0056444257497787476,0.34708645939826965,-1.0796163822539654e-28,0.3395223319530487,0.4396228790283203,0.40790489315986633
413,25,0.021593764424324036,0.18935005366802216,0.005869586952030659,0.0947725921869278,-9.261945399163935e-28,0.0349617674946785,0.40118277072906494,0.5699447393417358
414,18,0.2470991164445877,0.2851050794124603,0.2195073366165161,0.2152285873889923,1.0212985314068461e-29,0.22692078351974487,0.02694600634276867,0.06584757566452026
415,25,0.021593764424324036,0.18935005366802216,0.005869586952030659,0.0947725921869278,-9.261945399163935e-28,0.0349617674946785,0.40118277072906494,0.5699447393417358
416,16,0.11110907047986984,0.43291136622428894,0.08722265809774399,0.04676879942417145,5.278744662602799e-22,0.03899494558572769,0.10976924747228622,0.29670411348342896
417,9,0.03446820005774498,0.03250381723046303,0.0056444257497787476,0.34708645939826965,-1.0796163822539654e-28,0.3395223319530487,0.4396228790283203,0.40790489315986633
418,25,0.021593764424324036,0.18935005366802216,0.005869586952030659,0.0947725921869278,-9.261945399163935e-28,0.0349617674946785,0.40118277072906494,0.5699447393417358
419,25,0.021593764424324036,0.18935005366802216,0.005869586020708084,0.0947725921869278,-9.261945399163935e-28,0.0349617674946785,0.40118277072906494,0.5699447393417358
420,25,0.021593764424324036,0.18935005366802216,0.005869586952030659,0.0947725921869278,-9.261945399163935e-28,0.0349617674946785,0.40118277072906494,0.5699447393417358
421,25,0.021593764424324036,0.18935005366802216,0.005869586952030659,0.09477260708808899,-9.261945399163935e-28,0.0349617674946785,0.40118277072906494,0.5699447393417358
422,12,0.10258381068706512,0.25333061814308167,0.08868672698736191,0.26203081011772156,1.6462558765201358e-24,0.050348784774541855,0.12007617205381393,0.25655311346054077
423,9,0.03446820005774498,0.03250381723046303,0.0056444257497787476,0.34708645939826965,-1.0796163822539654e-28,0.3395223319530487,0.4396228790283203,0.40790489315986633
424,7,0.19011418521404266,0.08775003254413605,0.16086558997631073,0.3875947892665863,-1.2054827893192224e-27,0.43534383177757263,0.16025221347808838,0.07624288648366928
425,7,0.19011418521404266,0.08775003254413605,0.16086558997631073,0.3875947892665863,-1.2054827893192224e-27,0.43534383177757263,0.16025221347808838,0.07624288648366928
426,18,0.2470991164445877,0.2851050794124603,0.2195073366165161,0.2152285873889923,1.0212985314068461e-29,0.22692079842090607,0.02694600448012352,0.06584757566452026
427,9,0.03446820005774498,0.03250381723046303,0.0056444257497787476,0.34708645939826965,-1.0796163822539654e-28,0.3395223319530487,0.4396228790283203,0.40790489315986633
428,25,0.021593764424324036,0.18935005366802216,0.005869586952030659,0.0947725921869278,-9.261945399163935e-28,0.0349617674946785,0.40118277072906494,0.5699447393417358
429,9,0.03446820005774498,0.03250381723046303,0.0056444257497787476,0.34708648920059204,-1.0796163822539654e-28,0.3395223319530487,0.4396228790283203,0.40790489315986633
430,26,0.0885787233710289,0.17539560794830322,0.023177336901426315,0.1534094214439392,3.408940376477151e-32,0.24340121448040009,0.18172414600849152,0.16032381355762482
431,26,0.0885787233710289,0.17539560794830322,0.023177336901426315,0.1534094214439392,3.408940376477151e-32,0.24340121448040009,0.18172414600849152,0.16032381355762482
432,9,0.03446820005774498,0.03250381350517273,0.0056444257497787476,0.34708645939826965,-1.0796163822539654e-28,0.3395223319530487,0.4396228790283203,0.40790489315986633
433,18,0.2470991164445877,0.2851050794124603,0.2195073366165161,0.2152285873889923,1.0212985314068461e-29,0.22692079842090607,0.02694600634276867,0.06584757566452026
434,25,0.021593764424324036,0.18935005366802216,0.005869586952030659,0.0947725921869278,-9.261945399163935e-28,0.0349617674946785,0.40118277072906494,0.5699447393417358
435,25,0.021593764424324036,0.18935005366802216,0.005869586952030659,0.0947725921869278,-9.261945399163935e-28,0.0349617674946785,0.40118277072906494,0.5699447393417358
436,25,0.021593764424324036,0.18935005366802216,0.005869586952030659,0.0947725921869278,-9.261945399163935e-28,0.0349617674946785,0.40118277072906494,0.5699447393417358
437,12,0.10258381068706512,0.25333061814308167,0.08868672698736191,0.26203081011772156,1.6462558765201358e-24,0.050348784774541855,0.12007617205381393,0.25655311346054077
438,9,0.03446820005774498,0.03250381723046303,0.0056444257497787476,0.34708645939826965,-1.0796163822539654e-28,0.3395223319530487,0.4396228790283203,0.40790489315986633
439,18,0.2470991164445877,0.2851050794124603,0.2195073366165161,0.2152285873889923,1.0212985314068461e-29,0.22692079842090607,0.02694600634276867,0.06584757566452026
440,25,0.021593764424324036,0.18935005366802216,0.005869586952030659,0.0947725772857666,-9.261945399163935e-28,0.0349617674946785,0.40118277072906494,0.5699447393417358
441,9,0.03446820005774498,0.03250381723046303,0.0056444257497787476,0.34708645939826965,-1.0796163822539654e-28,0.3395223319530487,0.4396228790283203,0.40790489315986633
442,16,0.11110907047986984,0.43291136622428894,0.08722265809774399,0.04676879942417145,5.278744662602799e-22,0.03899494558572769,0.10976924747228622,0.29670411348342896
443,7,0.19011418521404266,0.08775003254413605,0.16086558997631073,0.3875947892665863,-1.2054827893192224e-27,0.43534383177757263,0.16025221347808838,0.07624289393424988
444,18,0.2470991164445877,0.2851050794124603,0.2195073366165161,0.2152285873889923,1.0212985314068461e-29,0.22692079842090607,0.02694600820541382,0.06584757566452026
445,12,0.10258381068706512,0.25333061814308167,0.08868672698736191,0.26203081011772156,1.6462558765201358e-24,0.050348784774541855,0.12007617205381393,0.25655311346054077
446,18,0.2470991164445877,0.2851050794124603,0.2195073366165161,0.2152285873889923,1.0212985314068461e-29,0.22692079842090607,0.02694600820541382,0.06584757566452026
447,26,0.0885787233710289,0.17539560794830322,0.023177336901426315,0.1534094214439392,3.408940376477151e-32,0.24340121448040009,0.18172414600849152,0.16032381355762482
448,25,0.021593764424324036,0.18935005366802216,0.005869586952030659,0.0947725921869278,-9.261945399163935e-28,0.0349617674946785,0.40118277072906494,0.5699447393417358
449,7,0.19011418521404266,0.08775003254413605,0.16086558997631073,0.3875947892665863,-1.2054827893192224e-27,0.43534383177757263,0.16025221347808838,0.07624288648366928
450,25,0.021593764424324036,0.18935005366802216,0.005869586952030659,0.0947725921869278,-9.261945399163935e-28,0.0349617674946785,0.40118277072906494,0.5699447393417358
451,7,0.19011418521404266,0.08775003254413605,0.16086558997631073,0.3875947892665863,-1.2054827893192224e-27,0.43534383177757263,0.16025221347808838,0.07624288648366928
452,25,0.021593764424324036,0.18935003876686096,0.005869586952030659,0.0947725921869278,-9.261945399163935e-28,0.0349617600440979,0.40118277072906494,0.5699447393417358
453,7,0.19011418521404266,0.08775003254413605,0.16086558997631073,0.3875947892665863,-1.2054827893192224e-27,0.43534383177757263,0.16025221347808838,0.07624288648366928
454,25,0.021593764424324036,0.18935003876686096,0.005869586952030659,0.0947725921869278,-9.261945399163935e-28,0.0349617674946785,0.40118277072906494,0.5699447393417358
455,26,0.0885787233710289,0.17539560794830322,0.023177336901426315,0.1534094214439392,3.408940376477151e-32,0.24340121448040009,0.18172414600849152,0.16032381355762482
456,25,0.021593764424324036,0.18935006856918335,0.005869586020708084,0.0947725921869278,-9.261945399163935e-28,0.0349617674946785,0.40118277072906494,0.5699447393417358
457,25,0.021593764424324036,0.18935005366802216,0.005869586952030659,0.0947725921869278,-9.261945399163935e-28,0.0349617674946785,0.40118277072906494,0.5699447393417358
458,18,0.2470991164445877,0.2851050794124603,0.2195073366165161,0.2152285873889923,1.0212985314068461e-29,0.22692079842090607,0.02694600634276867,0.06584757566452026
459,16,0.11110907047986984,0.43291136622428894,0.08722265809774399,0.04676879942417145,5.278744662602799e-22,0.03899494558572769,0.10976924747228622,0.29670411348342896
460,25,0.021593764424324036,0.18935005366802216,0.005869586952030659,0.0947725921869278,-9.261945399163935e-28,0.0349617674946785,0.40118277072906494,0.5699447393417358
461,16,0.11110907047986984,0.43291136622428894,0.08722265809774399,0.04676879942417145,5.278744662602799e-22,0.03899494558572769,0.10976924747228622,0.29670411348342896
462,25,0.021593764424324036,0.18935005366802216,0.005869586952030659,0.0947725921869278,-9.261945399163935e-28,0.0349617674946785,0.40118277072906494,0.5699447393417358
463,18,0.2470991164445877,0.2851050794124603,0.2195073366165161,0.2152285873889923,1.0212985314068461e-29,0.22692079842090607,0.02694600634276867,0.06584757566452026
464,7,0.19011418521404266,0.08775003254413605,0.16086558997631073,0.3875947892665863,-1.2054827893192224e-27,0.43534383177757263,0.16025221347808838,0.07624288648366928
465,7,0.19011418521404266,0.08775003254413605,0.16086558997631073,0.3875947892665863,-1.2054827893192224e-27,0.43534383177757263,0.16025221347808838,0.07624289393424988
466,7,0.19011418521404266,0.08775003254413605,0.16086558997631073,0.3875947892665863,-1.2054827893192224e-27,0.43534383177757263,0.16025221347808838,0.07624288648366928
467,25,0.021593764424324036,0.18935005366802216,0.005869587883353233,0.0947725921869278,-9.261945399163935e-28,0.0349617674946785,0.40118277072906494,0.5699447393417358
468,9,0.03446820005774498,0.03250381350517273,0.0056444257497787476,0.34708645939826965,-1.0796163822539654e-28,0.3395223319530487,0.4396228790283203,0.40790489315986633
469,18,0.2470991164445877,0.2851050794124603,0.2195073366165161,0.2152285873889923,1.0212985314068461e-29,0.22692078351974487,0.02694600634276867,0.06584757566452026
470,25,0.021593764424324036,0.18935005366802216,0.005869586952030659,0.0947725921869278,-9.261945399163935e-28,0.0349617674946785,0.40118277072906494,0.5699447393417358
471,25,0.021593764424324036,0.18935005366802216,0.005869586952030659,0.0947725921869278,-9.261945399163935e-28,0.0349617674946785,0.40118277072906494,0.5699447393417358
472,18,0.2470991164445877,0.2851050794124603,0.2195073366165161,0.2152285873889923,1.0212985314068461e-29,0.22692079842090607,0.02694600820541382,0.06584757566452026
473,18,0.2470991164445877,0.2851050794124603,0.2195073366165161,0.2152285873889923,1.0212985314068461e-29,0.22692079842090607,0.02694600634276867,0.06584757566452026
474,9,0.03446820005774498,0.03250381723046303,0.0056444257497787476,0.34708645939826965,-1.0796163822539654e-28,0.3395223319530487,0.4396228790283203,0.40790489315986633
475,18,0.2470991164445877,0.2851050794124603,0.2195073366165161,0.2152285873889923,1.0212985314068461e-29,0.22692078351974487,0.02694600634276867,0.06584757566452026
476,26,0.0885787233710289,0.17539560794830322,0.023177336901426315,0.1534094214439392,3.408940376477151e-32,0.24340121448040009,0.18172414600849152,0.16032381355762482
477,25,0.021593764424324036,0.18935005366802216,0.005869586952030659,0.0947725921869278,-9.261945399163935e-28,0.0349617674946785,0.40118277072906494,0.5699447393417358
478,9,0.03446820005774498,0.03250381723046303,0.0056444257497787476,0.34708645939826965,-1.0796163822539654e-28,0.3395223319530487,0.4396228790283203,0.40790489315986633
479,25,0.021593764424324036,0.18935005366802216,0.005869586952030659,0.0947725921869278,-9.261945399163935e-28,0.0349617674946785,0.40118277072906494,0.5699447393417358
480,18,0.2470991164445877,0.2851050794124603,0.2195073366165161,0.2152285873889923,1.0212985314068461e-29,0.22692079842090607,0.02694600634276867,0.06584757566452026
481,7,0.19011418521404266,0.08775003254413605,0.16086558997631073,0.3875947892665863,-1.2054827893192224e-27,0.43534383177757263,0.16025221347808838,0.07624288648366928
482,7,0.19011418521404266,0.08775003254413605,0.16086558997631073,0.3875947892665863,-1.2054827893192224e-27,0.43534383177757263,0.16025221347808838,0.07624288648366928
483,9,0.03446820005774498,0.03250381723046303,0.0056444257497787476,0.34708645939826965,-1.0796163822539654e-28,0.3395223319530487,0.4396228790283203,0.40790489315986633
484,12,0.10258381068706512,0.25333061814308167,0.08868672698736191,0.26203081011772156,1.6462558765201358e-24,0.050348784774541855,0.12007617205381393,0.25655311346054077
485,25,0.021593764424324036,0.18935005366802216,0.005869586952030659,0.0947725921869278,-9.261945399163935e-28,0.0349617674946785,0.40118277072906494,0.5699447393417358
486,25,0.021593764424324036,0.18935005366802216,0.005869586952030659,0.0947725921869278,-9.261945399163935e-28,0.0349617674946785,0.40118277072906494,0.5699447393417358
487,16,0.11110907047986984,0.43291136622428894,0.08722265809774399,0.04676879942417145,5.278744662602799e-22,0.03899494558572769,0.10976924747228622,0.29670411348342896
488,18,0.2470991164445877,0.2851050794124603,0.2195073366165161,0.2152285873889923,1.0212985314068461e-29,0.22692079842090607,0.02694600634276867,0.06584757566452026
489,16,0.11110907047986984,0.43291136622428894,0.08722265809774399,0.04676879942417145,5.278744662602799e-22,0.03899494558572769,0.10976924747228622,0.29670411348342896
490,25,0.021593764424324036,0.18935005366802216,0.005869586952030659,0.0947725921869278,-9.261945399163935e-28,0.0349617674946785,0.40118277072906494,0.5699447393417358
491,18,0.2470991164445877,0.2851050794124603,0.2195073366165161,0.2152285873889923,1.0212985314068461e-29,0.22692079842090607,0.02694600634276867,0.06584757566452026
492,12,0.10258381068706512,0.25333061814308167,0.08868672698736191,0.26203081011772156,1.6462558765201358e-24,0.050348784774541855,0.12007617205381393,0.25655311346054077
493,16,0.11110907047986984,0.43291139602661133,0.08722265809774399,0.04676879942417145,5.278744662602799e-22,0.03899494558572769,0.10976924747228622,0.29670411348342896
494,25,0.021593764424324036,0.18935005366802216,0.005869586952030659,0.0947725921869278,-9.261945399163935e-28,0.0349617674946785,0.40118277072906494,0.5699447393417358
495,18,0.2470991164445877,0.2851050794124603,0.2195073366165161,0.2152285873889923,1.0212985314068461e-29,0.22692079842090607,0.02694600634276867,0.06584757566452026
496,7,0.19011418521404266,0.08775003254413605,0.16086558997631073,0.3875947892665863,-1.2054827893192224e-27,0.43534383177757263,0.16025221347808838,0.07624288648366928
497,18,0.2470991164445877,0.2851050794124603,0.2195073366165161,0.2152285873889923,1.0212985314068461e-29,0.22692079842090607,0.02694600634276867,0.06584757566452026
498,18,0.2470991164445877,0.2851050794124603,0.2195073366165161,0.2152285873889923,1.0212985314068461e-29,0.22692079842090607,0.02694600634276867,0.06584757566452026
499,25,0.021593764424324036,0.18935005366802216,0.005869586952030659,0.0947725921869278,-9.261945399163935e-28,0.034961774945259094,0.40118277072906494,0.5699447393417358
500,7,0.19011418521404266,0.08775003254413605,0.16086558997631073,0.3875947892665863,-1.2054827893192224e-27,0.43534383177757263,0.16025221347808838,0.07624288648366928
501,25,0.021593764424324036,0.18935005366802216,0.005869586952030659,0.0947725921869278,-9.261945399163935e-28,0.0349617674946785,0.40118277072906494,0.5699447393417358
